"";"X";"V1"
"1";1;2
"2";2;3
"3";3;3
"4";4;3
"5";5;2
"6";6;3
"7";7;3
"8";8;2
"9";9;2
"10";10;3
"11";11;2
"12";12;2
"13";13;2
"14";14;2
"15";15;2
"16";16;2
"17";17;2
"18";18;2
"19";19;2
"20";20;3
"21";21;2
"22";22;2
"23";23;2
"24";24;3
"25";25;3
"26";26;2
"27";27;2
"28";28;3
"29";29;2
"30";30;3
"31";31;2
"32";32;3
"33";33;1
"34";34;2
"35";35;2
"36";36;2
"37";37;2
"38";38;2
"39";39;2
"40";40;1
"41";41;2
"42";42;2
"43";43;1
"44";44;2
"45";45;2
"46";46;3
"47";47;2
"48";48;1
"49";49;2
"50";50;2
"51";51;3
"52";52;3
"53";53;0
"54";54;3
"55";55;3
"56";56;2
"57";57;2
"58";58;2
"59";59;2
"60";60;2
"61";61;3
"62";62;3
"63";63;2
"64";64;1
"65";65;2
"66";66;2
"67";67;2
"68";68;2
"69";69;2
"70";70;2
"71";71;2
"72";72;1
"73";73;1
"74";74;1
"75";75;0
"76";76;2
"77";77;3
"78";78;3
"79";79;3
"80";80;0
"81";81;0
"82";82;3
"83";83;3
"84";84;2
"85";85;2
"86";86;2
"87";87;3
"88";88;3
"89";89;3
"90";90;2
"91";91;3
"92";92;2
"93";93;2
"94";94;2
"95";95;3
"96";96;2
"97";97;3
"98";98;2
"99";99;2
"100";100;2
"101";101;2
"102";102;1
"103";103;1
"104";104;3
"105";105;2
"106";106;2
"107";107;2
"108";108;2
"109";109;2
"110";110;2
"111";111;3
"112";112;2
"113";113;1
"114";114;3
"115";115;2
"116";116;2
"117";117;3
"118";118;3
"119";119;2
"120";120;3
"121";121;3
"122";122;3
"123";123;2
"124";124;2
"125";125;2
"126";126;2
"127";127;2
"128";128;2
"129";129;2
"130";130;2
"131";131;2
"132";132;2
"133";133;2
"134";134;2
"135";135;2
"136";136;2
"137";137;2
"138";138;3
"139";139;3
"140";140;2
"141";141;2
"142";142;3
"143";143;2
"144";144;2
"145";145;2
"146";146;2
"147";147;2
"148";148;2
"149";149;2
"150";150;2
"151";151;1
"152";152;2
"153";153;1
"154";154;3
"155";155;2
"156";156;2
"157";157;2
"158";158;3
"159";159;3
"160";160;3
"161";161;3
"162";162;3
"163";163;2
"164";164;1
"165";165;1
"166";166;3
"167";167;2
"168";168;3
"169";169;2
"170";170;2
"171";171;2
"172";172;3
"173";173;3
"174";174;3
"175";175;3
"176";176;2
"177";177;3
"178";178;2
"179";179;2
"180";180;2
"181";181;1
"182";182;2
"183";183;2
"184";184;2
"185";185;2
"186";186;2
"187";187;2
"188";188;2
"189";189;2
"190";190;2
"191";191;2
"192";192;2
"193";193;3
"194";194;3
"195";195;3
"196";196;1
"197";197;2
"198";198;3
"199";199;3
"200";200;3
"201";201;3
"202";202;3
"203";203;2
"204";204;3
"205";205;3
"206";206;3
"207";207;3
"208";208;3
"209";209;3
"210";210;3
"211";211;3
"212";212;3
"213";213;3
"214";214;3
"215";215;3
"216";216;3
"217";217;2
"218";218;2
"219";219;3
"220";220;3
"221";221;2
"222";222;2
"223";223;2
"224";224;2
"225";225;3
"226";226;1
"227";227;1
"228";228;3
"229";229;3
"230";230;3
"231";231;3
"232";232;3
"233";233;3
"234";234;3
"235";235;2
"236";236;3
"237";237;3
"238";238;3
"239";239;3
"240";240;2
"241";241;3
"242";242;2
"243";243;2
"244";244;2
"245";245;2
"246";246;3
"247";247;2
"248";248;3
"249";249;3
"250";250;2
"251";251;3
"252";252;2
"253";253;0
"254";254;2
"255";255;1
"256";256;3
"257";257;2
"258";258;3
"259";259;1
"260";260;1
"261";261;2
"262";262;3
"263";263;3
"264";264;3
"265";265;3
"266";266;3
"267";267;2
"268";268;2
"269";269;3
"270";270;1
"271";271;3
"272";272;3
"273";273;3
"274";274;2
"275";275;2
"276";276;2
"277";277;2
"278";278;2
"279";279;2
"280";280;2
"281";281;2
"282";282;2
"283";283;2
"284";284;2
"285";285;2
"286";286;2
"287";287;2
"288";288;2
"289";289;2
"290";290;3
"291";291;2
"292";292;3
"293";293;2
"294";294;2
"295";295;3
"296";296;3
"297";297;3
"298";298;3
"299";299;3
"300";300;2
"301";301;2
"302";302;2
"303";303;2
"304";304;2
"305";305;2
"306";306;2
"307";307;2
"308";308;2
"309";309;2
"310";310;3
"311";311;2
"312";312;2
"313";313;2
"314";314;2
"315";315;3
"316";316;3
"317";317;2
"318";318;2
"319";319;2
"320";320;2
"321";321;3
"322";322;1
"323";323;3
"324";324;3
"325";325;3
"326";326;2
"327";327;2
"328";328;2
"329";329;2
"330";330;3
"331";331;3
"332";332;0
"333";333;1
"334";334;3
"335";335;2
"336";336;3
"337";337;3
"338";338;3
"339";339;3
"340";340;2
"341";341;3
"342";342;3
"343";343;3
"344";344;3
"345";345;2
"346";346;3
"347";347;3
"348";348;2
"349";349;2
"350";350;2
"351";351;3
"352";352;3
"353";353;3
"354";354;3
"355";355;2
"356";356;1
"357";357;1
"358";358;2
"359";359;2
"360";360;1
"361";361;1
"362";362;2
"363";363;3
"364";364;3
"365";365;3
"366";366;3
"367";367;3
"368";368;0
"369";369;2
"370";370;3
"371";371;2
"372";372;3
"373";373;3
"374";374;3
"375";375;3
"376";376;2
"377";377;2
"378";378;3
"379";379;2
"380";380;2
"381";381;2
"382";382;1
"383";383;1
"384";384;1
"385";385;2
"386";386;2
"387";387;2
"388";388;2
"389";389;1
"390";390;1
"391";391;1
"392";392;2
"393";393;2
"394";394;1
"395";395;1
"396";396;1
"397";397;1
"398";398;3
"399";399;2
"400";400;3
"401";401;3
"402";402;3
"403";403;1
"404";404;1
"405";405;3
"406";406;2
"407";407;3
"408";408;1
"409";409;1
"410";410;1
"411";411;3
"412";412;2
"413";413;3
"414";414;1
"415";415;3
"416";416;2
"417";417;3
"418";418;3
"419";419;2
"420";420;2
"421";421;1
"422";422;3
"423";423;3
"424";424;2
"425";425;3
"426";426;3
"427";427;3
"428";428;3
"429";429;2
"430";430;2
"431";431;2
"432";432;3
"433";433;3
"434";434;3
"435";435;3
"436";436;3
"437";437;1
"438";438;2
"439";439;1
"440";440;1
"441";441;2
"442";442;1
"443";443;1
"444";444;2
"445";445;3
"446";446;3
"447";447;2
"448";448;3
"449";449;2
"450";450;2
"451";451;1
"452";452;1
"453";453;2
"454";454;2
"455";455;2
"456";456;2
"457";457;3
"458";458;3
"459";459;3
"460";460;3
"461";461;2
"462";462;1
"463";463;2
"464";464;3
"465";465;2
"466";466;2
"467";467;2
"468";468;3
"469";469;3
"470";470;2
"471";471;3
"472";472;2
"473";473;3
"474";474;3
"475";475;3
"476";476;3
"477";477;3
"478";478;2
"479";479;2
"480";480;2
"481";481;2
"482";482;2
"483";483;2
"484";484;2
"485";485;2
"486";486;2
"487";487;2
"488";488;2
"489";489;2
"490";490;2
"491";491;2
"492";492;3
"493";493;2
"494";494;2
"495";495;3
"496";496;2
"497";497;2
"498";498;3
"499";499;3
"500";500;3
"501";501;3
"502";502;2
"503";503;3
"504";504;3
"505";505;3
"506";506;3
"507";507;3
"508";508;3
"509";509;3
"510";510;3
"511";511;2
"512";512;3
"513";513;2
"514";514;3
"515";515;0
"516";516;0
"517";517;0
"518";518;0
"519";519;0
"520";520;0
"521";521;0
"522";522;0
"523";523;0
"524";524;0
"525";525;0
"526";526;0
"527";527;0
"528";528;0
"529";529;0
"530";530;0
"531";531;0
"532";532;0
"533";533;0
"534";534;3
"535";535;0
"536";536;0
"537";537;2
"538";538;2
"539";539;2
"540";540;2
"541";541;2
"542";542;2
"543";543;2
"544";544;2
"545";545;2
"546";546;2
"547";547;2
"548";548;2
"549";549;2
"550";550;1
"551";551;1
"552";552;2
"553";553;1
"554";554;2
"555";555;2
"556";556;1
"557";557;1
"558";558;1
"559";559;2
"560";560;2
"561";561;1
"562";562;1
"563";563;1
"564";564;1
"565";565;1
"566";566;1
"567";567;2
"568";568;1
"569";569;1
"570";570;1
"571";571;1
"572";572;3
"573";573;0
"574";574;1
"575";575;1
"576";576;3
"577";577;1
"578";578;1
"579";579;1
"580";580;3
"581";581;2
"582";582;2
"583";583;2
"584";584;3
"585";585;3
"586";586;3
"587";587;3
"588";588;2
"589";589;2
"590";590;3
"591";591;3
"592";592;3
"593";593;2
"594";594;3
"595";595;3
"596";596;3
"597";597;3
"598";598;3
"599";599;3
"600";600;3
"601";601;3
"602";602;3
"603";603;3
"604";604;3
"605";605;2
"606";606;2
"607";607;2
"608";608;3
"609";609;2
"610";610;2
"611";611;2
"612";612;2
"613";613;3
"614";614;3
"615";615;3
"616";616;3
"617";617;3
"618";618;3
"619";619;3
"620";620;1
"621";621;3
"622";622;3
"623";623;3
"624";624;2
"625";625;3
"626";626;3
"627";627;3
"628";628;3
"629";629;3
"630";630;2
"631";631;3
"632";632;2
"633";633;3
"634";634;3
"635";635;3
"636";636;3
"637";637;3
"638";638;3
"639";639;3
"640";640;3
"641";641;3
"642";642;3
"643";643;3
"644";644;1
"645";645;1
"646";646;2
"647";647;1
"648";648;2
"649";649;1
"650";650;1
"651";651;2
"652";652;2
"653";653;2
"654";654;2
"655";655;3
"656";656;2
"657";657;2
"658";658;1
"659";659;3
"660";660;1
"661";661;2
"662";662;1
"663";663;2
"664";664;3
"665";665;1
"666";666;2
"667";667;3
"668";668;3
"669";669;2
"670";670;3
"671";671;3
"672";672;3
"673";673;3
"674";674;2
"675";675;3
"676";676;3
"677";677;3
"678";678;3
"679";679;3
"680";680;3
"681";681;2
"682";682;3
"683";683;3
"684";684;3
"685";685;3
"686";686;3
"687";687;3
"688";688;3
"689";689;3
"690";690;3
"691";691;3
"692";692;3
"693";693;3
"694";694;3
"695";695;2
"696";696;3
"697";697;3
"698";698;3
"699";699;3
"700";700;3
"701";701;3
"702";702;2
"703";703;2
"704";704;2
"705";705;2
"706";706;1
"707";707;1
"708";708;2
"709";709;3
"710";710;2
"711";711;1
"712";712;2
"713";713;2
"714";714;2
"715";715;2
"716";716;3
"717";717;3
"718";718;1
"719";719;3
"720";720;3
"721";721;3
"722";722;3
"723";723;3
"724";724;3
"725";725;3
"726";726;3
"727";727;3
"728";728;3
"729";729;3
"730";730;1
"731";731;3
"732";732;3
"733";733;3
"734";734;2
"735";735;1
"736";736;3
"737";737;1
"738";738;2
"739";739;2
"740";740;1
"741";741;2
"742";742;3
"743";743;2
"744";744;2
"745";745;3
"746";746;3
"747";747;2
"748";748;3
"749";749;2
"750";750;1
"751";751;1
"752";752;2
"753";753;3
"754";754;3
"755";755;3
"756";756;3
"757";757;2
"758";758;1
"759";759;3
"760";760;3
"761";761;3
"762";762;3
"763";763;3
"764";764;3
"765";765;3
"766";766;3
"767";767;2
"768";768;2
"769";769;2
"770";770;2
"771";771;2
"772";772;2
"773";773;3
"774";774;3
"775";775;3
"776";776;2
"777";777;2
"778";778;2
"779";779;3
"780";780;3
"781";781;3
"782";782;3
"783";783;3
"784";784;3
"785";785;3
"786";786;3
"787";787;2
"788";788;3
"789";789;2
"790";790;3
"791";791;3
"792";792;3
"793";793;3
"794";794;3
"795";795;3
"796";796;2
"797";797;2
"798";798;2
"799";799;2
"800";800;2
"801";801;3
"802";802;2
"803";803;3
"804";804;3
"805";805;0
"806";806;3
"807";807;2
"808";808;2
"809";809;2
"810";810;2
"811";811;2
"812";812;2
"813";813;2
"814";814;2
"815";815;1
"816";816;3
"817";817;3
"818";818;2
"819";819;1
"820";820;2
"821";821;2
"822";822;1
"823";823;1
"824";824;3
"825";825;1
"826";826;1
"827";827;1
"828";828;3
"829";829;1
"830";830;1
"831";831;2
"832";832;1
"833";833;1
"834";834;3
"835";835;3
"836";836;3
"837";837;2
"838";838;3
"839";839;3
"840";840;2
"841";841;3
"842";842;3
"843";843;3
"844";844;0
"845";845;3
"846";846;3
"847";847;3
"848";848;2
"849";849;3
"850";850;3
"851";851;3
"852";852;3
"853";853;3
"854";854;3
"855";855;3
"856";856;3
"857";857;3
"858";858;3
"859";859;3
"860";860;3
"861";861;3
"862";862;3
"863";863;3
"864";864;3
"865";865;3
"866";866;3
"867";867;1
"868";868;2
"869";869;2
"870";870;2
"871";871;2
"872";872;3
"873";873;3
"874";874;2
"875";875;2
"876";876;2
"877";877;1
"878";878;2
"879";879;3
"880";880;3
"881";881;1
"882";882;3
"883";883;2
"884";884;2
"885";885;2
"886";886;2
"887";887;2
"888";888;2
"889";889;2
"890";890;2
"891";891;2
"892";892;2
"893";893;1
"894";894;2
"895";895;2
"896";896;2
"897";897;2
"898";898;2
"899";899;2
"900";900;2
"901";901;2
"902";902;2
"903";903;3
"904";904;3
"905";905;2
"906";906;1
"907";907;3
"908";908;2
"909";909;3
"910";910;3
"911";911;3
"912";912;1
"913";913;1
"914";914;2
"915";915;2
"916";916;1
"917";917;1
"918";918;1
"919";919;1
"920";920;3
"921";921;2
"922";922;1
"923";923;3
"924";924;3
"925";925;2
"926";926;3
"927";927;2
"928";928;3
"929";929;3
"930";930;2
"931";931;2
"932";932;3
"933";933;3
"934";934;3
"935";935;3
"936";936;3
"937";937;3
"938";938;3
"939";939;3
"940";940;2
"941";941;3
"942";942;3
"943";943;3
"944";944;3
"945";945;3
"946";946;3
"947";947;3
"948";948;2
"949";949;2
"950";950;2
"951";951;2
"952";952;2
"953";953;2
"954";954;3
"955";955;3
"956";956;2
"957";957;3
"958";958;2
"959";959;3
"960";960;3
"961";961;2
"962";962;3
"963";963;2
"964";964;2
"965";965;3
"966";966;2
"967";967;2
"968";968;2
"969";969;3
"970";970;3
"971";971;3
"972";972;3
"973";973;2
"974";974;3
"975";975;3
"976";976;3
"977";977;1
"978";978;2
"979";979;3
"980";980;3
"981";981;3
"982";982;3
"983";983;3
"984";984;3
"985";985;3
"986";986;3
"987";987;2
"988";988;3
"989";989;3
"990";990;2
"991";991;3
"992";992;3
"993";993;3
"994";994;3
"995";995;3
"996";996;3
"997";997;2
"998";998;2
"999";999;2
"1000";1000;3
"1001";1001;1
"1002";1002;2
"1003";1003;3
"1004";1004;3
"1005";1005;2
"1006";1006;1
"1007";1007;3
"1008";1008;3
"1009";1009;2
"1010";1010;2
"1011";1011;2
"1012";1012;2
"1013";1013;2
"1014";1014;3
"1015";1015;2
"1016";1016;3
"1017";1017;1
"1018";1018;3
"1019";1019;3
"1020";1020;2
"1021";1021;3
"1022";1022;3
"1023";1023;3
"1024";1024;2
"1025";1025;2
"1026";1026;2
"1027";1027;2
"1028";1028;2
"1029";1029;2
"1030";1030;2
"1031";1031;2
"1032";1032;2
"1033";1033;2
"1034";1034;2
"1035";1035;2
"1036";1036;2
"1037";1037;2
"1038";1038;2
"1039";1039;2
"1040";1040;2
"1041";1041;1
"1042";1042;1
"1043";1043;3
"1044";1044;2
"1045";1045;1
"1046";1046;1
"1047";1047;3
"1048";1048;3
"1049";1049;3
"1050";1050;2
"1051";1051;1
"1052";1052;2
"1053";1053;2
"1054";1054;2
"1055";1055;1
"1056";1056;2
"1057";1057;2
"1058";1058;1
"1059";1059;2
"1060";1060;2
"1061";1061;1
"1062";1062;1
"1063";1063;1
"1064";1064;1
"1065";1065;2
"1066";1066;3
"1067";1067;3
"1068";1068;3
"1069";1069;2
"1070";1070;3
"1071";1071;3
"1072";1072;3
"1073";1073;2
"1074";1074;1
"1075";1075;2
"1076";1076;1
"1077";1077;1
"1078";1078;3
"1079";1079;2
"1080";1080;3
"1081";1081;1
"1082";1082;2
"1083";1083;2
"1084";1084;2
"1085";1085;2
"1086";1086;3
"1087";1087;3
"1088";1088;3
"1089";1089;3
"1090";1090;3
"1091";1091;3
"1092";1092;3
"1093";1093;3
"1094";1094;3
"1095";1095;2
"1096";1096;3
"1097";1097;3
"1098";1098;3
"1099";1099;2
"1100";1100;3
"1101";1101;2
"1102";1102;2
"1103";1103;2
"1104";1104;3
"1105";1105;3
"1106";1106;3
"1107";1107;3
"1108";1108;2
"1109";1109;3
"1110";1110;3
"1111";1111;3
"1112";1112;2
"1113";1113;3
"1114";1114;3
"1115";1115;0
"1116";1116;3
"1117";1117;2
"1118";1118;2
"1119";1119;2
"1120";1120;2
"1121";1121;2
"1122";1122;1
"1123";1123;1
"1124";1124;2
"1125";1125;1
"1126";1126;3
"1127";1127;2
"1128";1128;2
"1129";1129;1
"1130";1130;2
"1131";1131;1
"1132";1132;1
"1133";1133;2
"1134";1134;1
"1135";1135;3
"1136";1136;1
"1137";1137;2
"1138";1138;3
"1139";1139;3
"1140";1140;3
"1141";1141;2
"1142";1142;3
"1143";1143;3
"1144";1144;3
"1145";1145;2
"1146";1146;1
"1147";1147;2
"1148";1148;1
"1149";1149;3
"1150";1150;3
"1151";1151;3
"1152";1152;2
"1153";1153;2
"1154";1154;2
"1155";1155;3
"1156";1156;2
"1157";1157;3
"1158";1158;3
"1159";1159;2
"1160";1160;2
"1161";1161;2
"1162";1162;2
"1163";1163;2
"1164";1164;2
"1165";1165;2
"1166";1166;2
"1167";1167;2
"1168";1168;2
"1169";1169;2
"1170";1170;2
"1171";1171;1
"1172";1172;1
"1173";1173;1
"1174";1174;1
"1175";1175;2
"1176";1176;2
"1177";1177;2
"1178";1178;2
"1179";1179;3
"1180";1180;2
"1181";1181;2
"1182";1182;2
"1183";1183;2
"1184";1184;3
"1185";1185;3
"1186";1186;0
"1187";1187;2
"1188";1188;2
"1189";1189;2
"1190";1190;2
"1191";1191;2
"1192";1192;0
"1193";1193;2
"1194";1194;2
"1195";1195;2
"1196";1196;2
"1197";1197;3
"1198";1198;3
"1199";1199;2
"1200";1200;2
"1201";1201;3
"1202";1202;1
"1203";1203;2
"1204";1204;1
"1205";1205;2
"1206";1206;2
"1207";1207;2
"1208";1208;1
"1209";1209;1
"1210";1210;1
"1211";1211;3
"1212";1212;3
"1213";1213;2
"1214";1214;1
"1215";1215;1
"1216";1216;1
"1217";1217;3
"1218";1218;2
"1219";1219;2
"1220";1220;2
"1221";1221;0
"1222";1222;1
"1223";1223;1
"1224";1224;2
"1225";1225;1
"1226";1226;2
"1227";1227;0
"1228";1228;1
"1229";1229;1
"1230";1230;2
"1231";1231;3
"1232";1232;1
"1233";1233;0
"1234";1234;1
"1235";1235;1
"1236";1236;2
"1237";1237;1
"1238";1238;2
"1239";1239;2
"1240";1240;3
"1241";1241;2
"1242";1242;2
"1243";1243;3
"1244";1244;2
"1245";1245;2
"1246";1246;3
"1247";1247;2
"1248";1248;3
"1249";1249;1
"1250";1250;3
"1251";1251;3
"1252";1252;2
"1253";1253;1
"1254";1254;1
"1255";1255;1
"1256";1256;1
"1257";1257;1
"1258";1258;1
"1259";1259;1
"1260";1260;1
"1261";1261;1
"1262";1262;2
"1263";1263;1
"1264";1264;3
"1265";1265;2
"1266";1266;3
"1267";1267;3
"1268";1268;3
"1269";1269;2
"1270";1270;2
"1271";1271;1
"1272";1272;3
"1273";1273;3
"1274";1274;1
"1275";1275;1
"1276";1276;3
"1277";1277;2
"1278";1278;3
"1279";1279;3
"1280";1280;2
"1281";1281;3
"1282";1282;3
"1283";1283;2
"1284";1284;2
"1285";1285;1
"1286";1286;1
"1287";1287;1
"1288";1288;1
"1289";1289;1
"1290";1290;2
"1291";1291;2
"1292";1292;2
"1293";1293;2
"1294";1294;2
"1295";1295;2
"1296";1296;2
"1297";1297;2
"1298";1298;1
"1299";1299;1
"1300";1300;3
"1301";1301;1
"1302";1302;1
"1303";1303;2
"1304";1304;1
"1305";1305;2
"1306";1306;2
"1307";1307;2
"1308";1308;2
"1309";1309;3
"1310";1310;3
"1311";1311;2
"1312";1312;3
"1313";1313;2
"1314";1314;1
"1315";1315;1
"1316";1316;3
"1317";1317;2
"1318";1318;3
"1319";1319;1
"1320";1320;3
"1321";1321;2
"1322";1322;2
"1323";1323;3
"1324";1324;2
"1325";1325;3
"1326";1326;2
"1327";1327;2
"1328";1328;3
"1329";1329;2
"1330";1330;3
"1331";1331;3
"1332";1332;3
"1333";1333;2
"1334";1334;1
"1335";1335;1
"1336";1336;3
"1337";1337;1
"1338";1338;1
"1339";1339;1
"1340";1340;2
"1341";1341;3
"1342";1342;2
"1343";1343;2
"1344";1344;2
"1345";1345;2
"1346";1346;2
"1347";1347;2
"1348";1348;3
"1349";1349;2
"1350";1350;2
"1351";1351;1
"1352";1352;2
"1353";1353;3
"1354";1354;2
"1355";1355;2
"1356";1356;2
"1357";1357;1
"1358";1358;2
"1359";1359;3
"1360";1360;2
"1361";1361;1
"1362";1362;2
"1363";1363;3
"1364";1364;3
"1365";1365;1
"1366";1366;2
"1367";1367;2
"1368";1368;2
"1369";1369;2
"1370";1370;2
"1371";1371;2
"1372";1372;2
"1373";1373;1
"1374";1374;1
"1375";1375;1
"1376";1376;3
"1377";1377;1
"1378";1378;0
"1379";1379;3
"1380";1380;3
"1381";1381;2
"1382";1382;0
"1383";1383;0
"1384";1384;3
"1385";1385;3
"1386";1386;3
"1387";1387;0
"1388";1388;3
"1389";1389;3
"1390";1390;2
"1391";1391;3
"1392";1392;2
"1393";1393;1
"1394";1394;2
"1395";1395;3
"1396";1396;3
"1397";1397;3
"1398";1398;3
"1399";1399;2
"1400";1400;0
"1401";1401;2
"1402";1402;2
"1403";1403;0
"1404";1404;2
"1405";1405;3
"1406";1406;2
"1407";1407;2
"1408";1408;2
"1409";1409;2
"1410";1410;2
"1411";1411;2
"1412";1412;3
"1413";1413;2
"1414";1414;2
"1415";1415;2
"1416";1416;3
"1417";1417;1
"1418";1418;3
"1419";1419;3
"1420";1420;2
"1421";1421;3
"1422";1422;2
"1423";1423;2
"1424";1424;2
"1425";1425;2
"1426";1426;3
"1427";1427;3
"1428";1428;3
"1429";1429;3
"1430";1430;1
"1431";1431;3
"1432";1432;3
"1433";1433;2
"1434";1434;2
"1435";1435;2
"1436";1436;2
"1437";1437;3
"1438";1438;3
"1439";1439;2
"1440";1440;1
"1441";1441;3
"1442";1442;3
"1443";1443;2
"1444";1444;2
"1445";1445;2
"1446";1446;2
"1447";1447;1
"1448";1448;3
"1449";1449;3
"1450";1450;2
"1451";1451;2
"1452";1452;2
"1453";1453;2
"1454";1454;2
"1455";1455;2
"1456";1456;2
"1457";1457;2
"1458";1458;2
"1459";1459;2
"1460";1460;3
"1461";1461;1
"1462";1462;2
"1463";1463;1
"1464";1464;3
"1465";1465;1
"1466";1466;1
"1467";1467;1
"1468";1468;1
"1469";1469;3
"1470";1470;3
"1471";1471;3
"1472";1472;2
"1473";1473;3
"1474";1474;3
"1475";1475;3
"1476";1476;2
"1477";1477;3
"1478";1478;3
"1479";1479;3
"1480";1480;2
"1481";1481;3
"1482";1482;2
"1483";1483;3
"1484";1484;3
"1485";1485;3
"1486";1486;3
"1487";1487;3
"1488";1488;3
"1489";1489;2
"1490";1490;3
"1491";1491;3
"1492";1492;2
"1493";1493;2
"1494";1494;2
"1495";1495;2
"1496";1496;2
"1497";1497;3
"1498";1498;3
"1499";1499;1
"1500";1500;1
"1501";1501;2
"1502";1502;3
"1503";1503;1
"1504";1504;1
"1505";1505;1
"1506";1506;1
"1507";1507;1
"1508";1508;2
"1509";1509;2
"1510";1510;1
"1511";1511;1
"1512";1512;3
"1513";1513;1
"1514";1514;3
"1515";1515;3
"1516";1516;3
"1517";1517;1
"1518";1518;1
"1519";1519;1
"1520";1520;1
"1521";1521;1
"1522";1522;1
"1523";1523;1
"1524";1524;1
"1525";1525;2
"1526";1526;2
"1527";1527;3
"1528";1528;2
"1529";1529;1
"1530";1530;2
"1531";1531;3
"1532";1532;2
"1533";1533;2
"1534";1534;2
"1535";1535;2
"1536";1536;2
"1537";1537;1
"1538";1538;3
"1539";1539;1
"1540";1540;3
"1541";1541;3
"1542";1542;1
"1543";1543;2
"1544";1544;2
"1545";1545;3
"1546";1546;2
"1547";1547;2
"1548";1548;1
"1549";1549;1
"1550";1550;1
"1551";1551;3
"1552";1552;3
"1553";1553;2
"1554";1554;1
"1555";1555;1
"1556";1556;2
"1557";1557;1
"1558";1558;3
"1559";1559;2
"1560";1560;3
"1561";1561;3
"1562";1562;3
"1563";1563;3
"1564";1564;3
"1565";1565;1
"1566";1566;1
"1567";1567;3
"1568";1568;1
"1569";1569;3
"1570";1570;1
"1571";1571;3
"1572";1572;3
"1573";1573;3
"1574";1574;3
"1575";1575;3
"1576";1576;2
"1577";1577;3
"1578";1578;3
"1579";1579;2
"1580";1580;3
"1581";1581;3
"1582";1582;2
"1583";1583;2
"1584";1584;2
"1585";1585;3
"1586";1586;2
"1587";1587;2
"1588";1588;2
"1589";1589;3
"1590";1590;3
"1591";1591;2
"1592";1592;1
"1593";1593;3
"1594";1594;1
"1595";1595;1
"1596";1596;3
"1597";1597;3
"1598";1598;3
"1599";1599;3
"1600";1600;3
"1601";1601;1
"1602";1602;2
"1603";1603;3
"1604";1604;3
"1605";1605;1
"1606";1606;1
"1607";1607;1
"1608";1608;1
"1609";1609;1
"1610";1610;1
"1611";1611;3
"1612";1612;3
"1613";1613;3
"1614";1614;3
"1615";1615;2
"1616";1616;2
"1617";1617;2
"1618";1618;2
"1619";1619;2
"1620";1620;3
"1621";1621;2
"1622";1622;2
"1623";1623;2
"1624";1624;2
"1625";1625;1
"1626";1626;3
"1627";1627;1
"1628";1628;1
"1629";1629;1
"1630";1630;3
"1631";1631;3
"1632";1632;3
"1633";1633;2
"1634";1634;3
"1635";1635;3
"1636";1636;2
"1637";1637;3
"1638";1638;1
"1639";1639;2
"1640";1640;2
"1641";1641;2
"1642";1642;2
"1643";1643;2
"1644";1644;3
"1645";1645;2
"1646";1646;2
"1647";1647;2
"1648";1648;2
"1649";1649;2
"1650";1650;2
"1651";1651;2
"1652";1652;3
"1653";1653;2
"1654";1654;3
"1655";1655;2
"1656";1656;3
"1657";1657;2
"1658";1658;1
"1659";1659;1
"1660";1660;1
"1661";1661;1
"1662";1662;1
"1663";1663;1
"1664";1664;2
"1665";1665;0
"1666";1666;2
"1667";1667;1
"1668";1668;1
"1669";1669;1
"1670";1670;2
"1671";1671;1
"1672";1672;2
"1673";1673;0
"1674";1674;2
"1675";1675;1
"1676";1676;1
"1677";1677;1
"1678";1678;2
"1679";1679;2
"1680";1680;2
"1681";1681;0
"1682";1682;2
"1683";1683;1
"1684";1684;1
"1685";1685;1
"1686";1686;2
"1687";1687;2
"1688";1688;2
"1689";1689;2
"1690";1690;2
"1691";1691;2
"1692";1692;3
"1693";1693;3
"1694";1694;1
"1695";1695;2
"1696";1696;3
"1697";1697;3
"1698";1698;2
"1699";1699;2
"1700";1700;2
"1701";1701;2
"1702";1702;2
"1703";1703;2
"1704";1704;1
"1705";1705;1
"1706";1706;1
"1707";1707;1
"1708";1708;1
"1709";1709;3
"1710";1710;1
"1711";1711;3
"1712";1712;3
"1713";1713;3
"1714";1714;1
"1715";1715;3
"1716";1716;2
"1717";1717;3
"1718";1718;3
"1719";1719;3
"1720";1720;2
"1721";1721;3
"1722";1722;3
"1723";1723;3
"1724";1724;1
"1725";1725;2
"1726";1726;1
"1727";1727;1
"1728";1728;3
"1729";1729;2
"1730";1730;3
"1731";1731;3
"1732";1732;1
"1733";1733;2
"1734";1734;2
"1735";1735;1
"1736";1736;1
"1737";1737;1
"1738";1738;2
"1739";1739;2
"1740";1740;2
"1741";1741;2
"1742";1742;2
"1743";1743;2
"1744";1744;2
"1745";1745;2
"1746";1746;2
"1747";1747;2
"1748";1748;3
"1749";1749;3
"1750";1750;3
"1751";1751;3
"1752";1752;2
"1753";1753;3
"1754";1754;3
"1755";1755;3
"1756";1756;3
"1757";1757;2
"1758";1758;1
"1759";1759;1
"1760";1760;1
"1761";1761;3
"1762";1762;1
"1763";1763;2
"1764";1764;3
"1765";1765;2
"1766";1766;2
"1767";1767;1
"1768";1768;1
"1769";1769;2
"1770";1770;2
"1771";1771;2
"1772";1772;2
"1773";1773;2
"1774";1774;3
"1775";1775;2
"1776";1776;2
"1777";1777;2
"1778";1778;2
"1779";1779;3
"1780";1780;3
"1781";1781;3
"1782";1782;3
"1783";1783;2
"1784";1784;2
"1785";1785;3
"1786";1786;1
"1787";1787;3
"1788";1788;1
"1789";1789;1
"1790";1790;1
"1791";1791;1
"1792";1792;2
"1793";1793;2
"1794";1794;2
"1795";1795;2
"1796";1796;2
"1797";1797;2
"1798";1798;2
"1799";1799;3
"1800";1800;3
"1801";1801;2
"1802";1802;1
"1803";1803;2
"1804";1804;3
"1805";1805;3
"1806";1806;1
"1807";1807;1
"1808";1808;1
"1809";1809;1
"1810";1810;1
"1811";1811;3
"1812";1812;1
"1813";1813;2
"1814";1814;2
"1815";1815;2
"1816";1816;2
"1817";1817;0
"1818";1818;0
"1819";1819;0
"1820";1820;3
"1821";1821;1
"1822";1822;1
"1823";1823;3
"1824";1824;1
"1825";1825;2
"1826";1826;1
"1827";1827;1
"1828";1828;1
"1829";1829;2
"1830";1830;3
"1831";1831;3
"1832";1832;3
"1833";1833;1
"1834";1834;3
"1835";1835;2
"1836";1836;1
"1837";1837;1
"1838";1838;1
"1839";1839;2
"1840";1840;1
"1841";1841;2
"1842";1842;2
"1843";1843;3
"1844";1844;3
"1845";1845;3
"1846";1846;2
"1847";1847;3
"1848";1848;3
"1849";1849;2
"1850";1850;1
"1851";1851;2
"1852";1852;2
"1853";1853;2
"1854";1854;1
"1855";1855;3
"1856";1856;1
"1857";1857;3
"1858";1858;1
"1859";1859;1
"1860";1860;1
"1861";1861;3
"1862";1862;2
"1863";1863;2
"1864";1864;2
"1865";1865;3
"1866";1866;2
"1867";1867;1
"1868";1868;3
"1869";1869;2
"1870";1870;1
"1871";1871;3
"1872";1872;1
"1873";1873;2
"1874";1874;1
"1875";1875;2
"1876";1876;2
"1877";1877;1
"1878";1878;1
"1879";1879;2
"1880";1880;3
"1881";1881;2
"1882";1882;2
"1883";1883;2
"1884";1884;2
"1885";1885;3
"1886";1886;3
"1887";1887;3
"1888";1888;3
"1889";1889;3
"1890";1890;1
"1891";1891;1
"1892";1892;3
"1893";1893;3
"1894";1894;1
"1895";1895;1
"1896";1896;2
"1897";1897;1
"1898";1898;1
"1899";1899;2
"1900";1900;2
"1901";1901;2
"1902";1902;3
"1903";1903;2
"1904";1904;2
"1905";1905;2
"1906";1906;2
"1907";1907;1
"1908";1908;3
"1909";1909;3
"1910";1910;2
"1911";1911;3
"1912";1912;3
"1913";1913;1
"1914";1914;3
"1915";1915;1
"1916";1916;1
"1917";1917;1
"1918";1918;3
"1919";1919;1
"1920";1920;1
"1921";1921;1
"1922";1922;1
"1923";1923;1
"1924";1924;1
"1925";1925;1
"1926";1926;2
"1927";1927;1
"1928";1928;2
"1929";1929;1
"1930";1930;2
"1931";1931;2
"1932";1932;2
"1933";1933;3
"1934";1934;2
"1935";1935;2
"1936";1936;3
"1937";1937;3
"1938";1938;2
"1939";1939;3
"1940";1940;1
"1941";1941;1
"1942";1942;3
"1943";1943;1
"1944";1944;1
"1945";1945;2
"1946";1946;1
"1947";1947;1
"1948";1948;1
"1949";1949;0
"1950";1950;1
"1951";1951;1
"1952";1952;2
"1953";1953;1
"1954";1954;1
"1955";1955;3
"1956";1956;2
"1957";1957;1
"1958";1958;3
"1959";1959;2
"1960";1960;1
"1961";1961;3
"1962";1962;3
"1963";1963;3
"1964";1964;3
"1965";1965;2
"1966";1966;2
"1967";1967;2
"1968";1968;2
"1969";1969;1
"1970";1970;2
"1971";1971;1
"1972";1972;2
"1973";1973;2
"1974";1974;1
"1975";1975;1
"1976";1976;2
"1977";1977;1
"1978";1978;1
"1979";1979;2
"1980";1980;3
"1981";1981;2
"1982";1982;2
"1983";1983;2
"1984";1984;2
"1985";1985;3
"1986";1986;3
"1987";1987;2
"1988";1988;2
"1989";1989;2
"1990";1990;2
"1991";1991;3
"1992";1992;2
"1993";1993;2
"1994";1994;3
"1995";1995;3
"1996";1996;3
"1997";1997;3
"1998";1998;3
"1999";1999;3
"2000";2000;3
"2001";2001;2
"2002";2002;2
"2003";2003;1
"2004";2004;1
"2005";2005;3
"2006";2006;3
"2007";2007;1
"2008";2008;2
"2009";2009;1
"2010";2010;1
"2011";2011;1
"2012";2012;1
"2013";2013;2
"2014";2014;2
"2015";2015;2
"2016";2016;2
"2017";2017;3
"2018";2018;2
"2019";2019;2
"2020";2020;2
"2021";2021;1
"2022";2022;1
"2023";2023;1
"2024";2024;3
"2025";2025;1
"2026";2026;1
"2027";2027;3
"2028";2028;2
"2029";2029;1
"2030";2030;1
"2031";2031;2
"2032";2032;1
"2033";2033;1
"2034";2034;1
"2035";2035;1
"2036";2036;1
"2037";2037;1
"2038";2038;0
"2039";2039;0
"2040";2040;0
"2041";2041;1
"2042";2042;1
"2043";2043;2
"2044";2044;1
"2045";2045;0
"2046";2046;1
"2047";2047;0
"2048";2048;1
"2049";2049;1
"2050";2050;1
"2051";2051;0
"2052";2052;0
"2053";2053;0
"2054";2054;1
"2055";2055;1
"2056";2056;1
"2057";2057;1
"2058";2058;3
"2059";2059;0
"2060";2060;1
"2061";2061;1
"2062";2062;1
"2063";2063;1
"2064";2064;0
"2065";2065;0
"2066";2066;1
"2067";2067;0
"2068";2068;1
"2069";2069;0
"2070";2070;2
"2071";2071;2
"2072";2072;1
"2073";2073;1
"2074";2074;0
"2075";2075;1
"2076";2076;1
"2077";2077;1
"2078";2078;3
"2079";2079;0
"2080";2080;1
"2081";2081;1
"2082";2082;1
"2083";2083;0
"2084";2084;0
"2085";2085;1
"2086";2086;0
"2087";2087;0
"2088";2088;1
"2089";2089;1
"2090";2090;0
"2091";2091;1
"2092";2092;1
"2093";2093;1
"2094";2094;0
"2095";2095;1
"2096";2096;3
"2097";2097;1
"2098";2098;1
"2099";2099;1
"2100";2100;1
"2101";2101;0
"2102";2102;1
"2103";2103;0
"2104";2104;1
"2105";2105;2
"2106";2106;0
"2107";2107;0
"2108";2108;0
"2109";2109;1
"2110";2110;1
"2111";2111;1
"2112";2112;1
"2113";2113;0
"2114";2114;0
"2115";2115;0
"2116";2116;0
"2117";2117;0
"2118";2118;0
"2119";2119;0
"2120";2120;1
"2121";2121;1
"2122";2122;0
"2123";2123;1
"2124";2124;0
"2125";2125;1
"2126";2126;0
"2127";2127;2
"2128";2128;2
"2129";2129;2
"2130";2130;2
"2131";2131;2
"2132";2132;2
"2133";2133;1
"2134";2134;1
"2135";2135;2
"2136";2136;2
"2137";2137;3
"2138";2138;1
"2139";2139;1
"2140";2140;1
"2141";2141;1
"2142";2142;2
"2143";2143;2
"2144";2144;2
"2145";2145;3
"2146";2146;2
"2147";2147;2
"2148";2148;2
"2149";2149;3
"2150";2150;0
"2151";2151;1
"2152";2152;2
"2153";2153;3
"2154";2154;2
"2155";2155;2
"2156";2156;1
"2157";2157;3
"2158";2158;1
"2159";2159;2
"2160";2160;2
"2161";2161;3
"2162";2162;2
"2163";2163;1
"2164";2164;2
"2165";2165;2
"2166";2166;2
"2167";2167;2
"2168";2168;2
"2169";2169;2
"2170";2170;2
"2171";2171;1
"2172";2172;0
"2173";2173;1
"2174";2174;2
"2175";2175;2
"2176";2176;3
"2177";2177;1
"2178";2178;3
"2179";2179;2
"2180";2180;1
"2181";2181;1
"2182";2182;1
"2183";2183;1
"2184";2184;3
"2185";2185;1
"2186";2186;1
"2187";2187;1
"2188";2188;2
"2189";2189;2
"2190";2190;3
"2191";2191;3
"2192";2192;1
"2193";2193;1
"2194";2194;1
"2195";2195;1
"2196";2196;1
"2197";2197;1
"2198";2198;1
"2199";2199;3
"2200";2200;3
"2201";2201;1
"2202";2202;2
"2203";2203;2
"2204";2204;2
"2205";2205;3
"2206";2206;2
"2207";2207;2
"2208";2208;2
"2209";2209;2
"2210";2210;2
"2211";2211;1
"2212";2212;3
"2213";2213;2
"2214";2214;2
"2215";2215;2
"2216";2216;2
"2217";2217;1
"2218";2218;2
"2219";2219;3
"2220";2220;3
"2221";2221;3
"2222";2222;3
"2223";2223;1
"2224";2224;2
"2225";2225;2
"2226";2226;2
"2227";2227;1
"2228";2228;3
"2229";2229;3
"2230";2230;3
"2231";2231;3
"2232";2232;2
"2233";2233;2
"2234";2234;2
"2235";2235;2
"2236";2236;2
"2237";2237;2
"2238";2238;2
"2239";2239;2
"2240";2240;2
"2241";2241;2
"2242";2242;2
"2243";2243;2
"2244";2244;2
"2245";2245;2
"2246";2246;1
"2247";2247;2
"2248";2248;2
"2249";2249;2
"2250";2250;3
"2251";2251;3
"2252";2252;2
"2253";2253;2
"2254";2254;3
"2255";2255;3
"2256";2256;1
"2257";2257;1
"2258";2258;1
"2259";2259;1
"2260";2260;1
"2261";2261;1
"2262";2262;1
"2263";2263;1
"2264";2264;1
"2265";2265;2
"2266";2266;2
"2267";2267;2
"2268";2268;2
"2269";2269;2
"2270";2270;2
"2271";2271;1
"2272";2272;1
"2273";2273;1
"2274";2274;3
"2275";2275;1
"2276";2276;1
"2277";2277;2
"2278";2278;2
"2279";2279;3
"2280";2280;2
"2281";2281;1
"2282";2282;1
"2283";2283;1
"2284";2284;1
"2285";2285;2
"2286";2286;2
"2287";2287;2
"2288";2288;2
"2289";2289;2
"2290";2290;1
"2291";2291;1
"2292";2292;1
"2293";2293;1
"2294";2294;1
"2295";2295;0
"2296";2296;2
"2297";2297;2
"2298";2298;2
"2299";2299;1
"2300";2300;1
"2301";2301;1
"2302";2302;1
"2303";2303;1
"2304";2304;1
"2305";2305;1
"2306";2306;1
"2307";2307;1
"2308";2308;1
"2309";2309;1
"2310";2310;1
"2311";2311;1
"2312";2312;3
"2313";2313;2
"2314";2314;2
"2315";2315;3
"2316";2316;2
"2317";2317;3
"2318";2318;2
"2319";2319;2
"2320";2320;3
"2321";2321;1
"2322";2322;2
"2323";2323;3
"2324";2324;3
"2325";2325;3
"2326";2326;3
"2327";2327;2
"2328";2328;2
"2329";2329;0
"2330";2330;3
"2331";2331;3
"2332";2332;3
"2333";2333;0
"2334";2334;3
"2335";2335;3
"2336";2336;3
"2337";2337;0
"2338";2338;3
"2339";2339;3
"2340";2340;3
"2341";2341;3
"2342";2342;2
"2343";2343;2
"2344";2344;3
"2345";2345;3
"2346";2346;3
"2347";2347;3
"2348";2348;2
"2349";2349;1
"2350";2350;2
"2351";2351;2
"2352";2352;2
"2353";2353;2
"2354";2354;3
"2355";2355;3
"2356";2356;3
"2357";2357;3
"2358";2358;1
"2359";2359;1
"2360";2360;3
"2361";2361;3
"2362";2362;2
"2363";2363;1
"2364";2364;3
"2365";2365;2
"2366";2366;2
"2367";2367;2
"2368";2368;1
"2369";2369;1
"2370";2370;1
"2371";2371;1
"2372";2372;1
"2373";2373;1
"2374";2374;1
"2375";2375;1
"2376";2376;1
"2377";2377;1
"2378";2378;2
"2379";2379;1
"2380";2380;1
"2381";2381;1
"2382";2382;1
"2383";2383;1
"2384";2384;1
"2385";2385;1
"2386";2386;1
"2387";2387;1
"2388";2388;1
"2389";2389;1
"2390";2390;1
"2391";2391;1
"2392";2392;1
"2393";2393;1
"2394";2394;1
"2395";2395;1
"2396";2396;1
"2397";2397;1
"2398";2398;1
"2399";2399;2
"2400";2400;3
"2401";2401;2
"2402";2402;2
"2403";2403;2
"2404";2404;2
"2405";2405;2
"2406";2406;2
"2407";2407;3
"2408";2408;2
"2409";2409;3
"2410";2410;2
"2411";2411;2
"2412";2412;3
"2413";2413;2
"2414";2414;3
"2415";2415;3
"2416";2416;2
"2417";2417;3
"2418";2418;1
"2419";2419;3
"2420";2420;1
"2421";2421;1
"2422";2422;1
"2423";2423;2
"2424";2424;2
"2425";2425;2
"2426";2426;2
"2427";2427;3
"2428";2428;3
"2429";2429;2
"2430";2430;3
"2431";2431;1
"2432";2432;1
"2433";2433;1
"2434";2434;1
"2435";2435;1
"2436";2436;1
"2437";2437;1
"2438";2438;2
"2439";2439;3
"2440";2440;3
"2441";2441;3
"2442";2442;3
"2443";2443;2
"2444";2444;3
"2445";2445;2
"2446";2446;2
"2447";2447;2
"2448";2448;3
"2449";2449;2
"2450";2450;1
"2451";2451;1
"2452";2452;1
"2453";2453;1
"2454";2454;1
"2455";2455;1
"2456";2456;1
"2457";2457;1
"2458";2458;1
"2459";2459;1
"2460";2460;0
"2461";2461;0
"2462";2462;0
"2463";2463;1
"2464";2464;1
"2465";2465;2
"2466";2466;1
"2467";2467;0
"2468";2468;1
"2469";2469;0
"2470";2470;1
"2471";2471;1
"2472";2472;1
"2473";2473;0
"2474";2474;0
"2475";2475;0
"2476";2476;1
"2477";2477;1
"2478";2478;1
"2479";2479;1
"2480";2480;3
"2481";2481;0
"2482";2482;1
"2483";2483;1
"2484";2484;1
"2485";2485;1
"2486";2486;0
"2487";2487;0
"2488";2488;1
"2489";2489;0
"2490";2490;1
"2491";2491;0
"2492";2492;2
"2493";2493;2
"2494";2494;1
"2495";2495;1
"2496";2496;0
"2497";2497;1
"2498";2498;1
"2499";2499;1
"2500";2500;3
"2501";2501;0
"2502";2502;1
"2503";2503;1
"2504";2504;1
"2505";2505;0
"2506";2506;0
"2507";2507;1
"2508";2508;0
"2509";2509;0
"2510";2510;1
"2511";2511;1
"2512";2512;0
"2513";2513;1
"2514";2514;1
"2515";2515;1
"2516";2516;0
"2517";2517;1
"2518";2518;3
"2519";2519;1
"2520";2520;1
"2521";2521;1
"2522";2522;1
"2523";2523;0
"2524";2524;1
"2525";2525;0
"2526";2526;1
"2527";2527;2
"2528";2528;0
"2529";2529;0
"2530";2530;0
"2531";2531;1
"2532";2532;1
"2533";2533;1
"2534";2534;1
"2535";2535;0
"2536";2536;0
"2537";2537;0
"2538";2538;0
"2539";2539;0
"2540";2540;0
"2541";2541;0
"2542";2542;1
"2543";2543;1
"2544";2544;0
"2545";2545;1
"2546";2546;0
"2547";2547;1
"2548";2548;0
"2549";2549;1
"2550";2550;1
"2551";2551;1
"2552";2552;1
"2553";2553;1
"2554";2554;3
"2555";2555;1
"2556";2556;1
"2557";2557;3
"2558";2558;1
"2559";2559;3
"2560";2560;3
"2561";2561;3
"2562";2562;2
"2563";2563;3
"2564";2564;3
"2565";2565;2
"2566";2566;3
"2567";2567;1
"2568";2568;1
"2569";2569;3
"2570";2570;3
"2571";2571;3
"2572";2572;3
"2573";2573;3
"2574";2574;3
"2575";2575;3
"2576";2576;3
"2577";2577;3
"2578";2578;3
"2579";2579;2
"2580";2580;2
"2581";2581;2
"2582";2582;2
"2583";2583;2
"2584";2584;2
"2585";2585;1
"2586";2586;1
"2587";2587;1
"2588";2588;1
"2589";2589;3
"2590";2590;3
"2591";2591;3
"2592";2592;1
"2593";2593;2
"2594";2594;2
"2595";2595;2
"2596";2596;2
"2597";2597;2
"2598";2598;1
"2599";2599;1
"2600";2600;2
"2601";2601;2
"2602";2602;2
"2603";2603;3
"2604";2604;2
"2605";2605;2
"2606";2606;2
"2607";2607;0
"2608";2608;0
"2609";2609;0
"2610";2610;0
"2611";2611;0
"2612";2612;2
"2613";2613;2
"2614";2614;3
"2615";2615;1
"2616";2616;1
"2617";2617;1
"2618";2618;1
"2619";2619;1
"2620";2620;1
"2621";2621;1
"2622";2622;1
"2623";2623;1
"2624";2624;2
"2625";2625;1
"2626";2626;3
"2627";2627;1
"2628";2628;1
"2629";2629;1
"2630";2630;1
"2631";2631;1
"2632";2632;1
"2633";2633;0
"2634";2634;0
"2635";2635;0
"2636";2636;1
"2637";2637;1
"2638";2638;2
"2639";2639;1
"2640";2640;0
"2641";2641;1
"2642";2642;0
"2643";2643;1
"2644";2644;1
"2645";2645;1
"2646";2646;0
"2647";2647;0
"2648";2648;0
"2649";2649;1
"2650";2650;1
"2651";2651;1
"2652";2652;1
"2653";2653;3
"2654";2654;0
"2655";2655;1
"2656";2656;1
"2657";2657;1
"2658";2658;1
"2659";2659;0
"2660";2660;0
"2661";2661;1
"2662";2662;0
"2663";2663;1
"2664";2664;0
"2665";2665;2
"2666";2666;2
"2667";2667;1
"2668";2668;1
"2669";2669;0
"2670";2670;1
"2671";2671;1
"2672";2672;1
"2673";2673;3
"2674";2674;0
"2675";2675;1
"2676";2676;1
"2677";2677;1
"2678";2678;0
"2679";2679;0
"2680";2680;1
"2681";2681;0
"2682";2682;0
"2683";2683;1
"2684";2684;1
"2685";2685;0
"2686";2686;1
"2687";2687;1
"2688";2688;1
"2689";2689;0
"2690";2690;1
"2691";2691;3
"2692";2692;1
"2693";2693;1
"2694";2694;1
"2695";2695;1
"2696";2696;0
"2697";2697;1
"2698";2698;0
"2699";2699;1
"2700";2700;2
"2701";2701;0
"2702";2702;0
"2703";2703;0
"2704";2704;1
"2705";2705;1
"2706";2706;1
"2707";2707;1
"2708";2708;0
"2709";2709;0
"2710";2710;0
"2711";2711;0
"2712";2712;0
"2713";2713;0
"2714";2714;0
"2715";2715;1
"2716";2716;1
"2717";2717;0
"2718";2718;1
"2719";2719;0
"2720";2720;1
"2721";2721;0
"2722";2722;2
"2723";2723;1
"2724";2724;2
"2725";2725;3
"2726";2726;2
"2727";2727;2
"2728";2728;1
"2729";2729;2
"2730";2730;2
"2731";2731;2
"2732";2732;2
"2733";2733;2
"2734";2734;2
"2735";2735;2
"2736";2736;2
"2737";2737;1
"2738";2738;1
"2739";2739;1
"2740";2740;2
"2741";2741;3
"2742";2742;2
"2743";2743;2
"2744";2744;2
"2745";2745;2
"2746";2746;2
"2747";2747;3
"2748";2748;2
"2749";2749;0
"2750";2750;0
"2751";2751;3
"2752";2752;2
"2753";2753;2
"2754";2754;2
"2755";2755;3
"2756";2756;3
"2757";2757;3
"2758";2758;3
"2759";2759;3
"2760";2760;2
"2761";2761;3
"2762";2762;3
"2763";2763;2
"2764";2764;3
"2765";2765;3
"2766";2766;2
"2767";2767;3
"2768";2768;3
"2769";2769;2
"2770";2770;2
"2771";2771;2
"2772";2772;2
"2773";2773;1
"2774";2774;2
"2775";2775;1
"2776";2776;1
"2777";2777;1
"2778";2778;2
"2779";2779;2
"2780";2780;1
"2781";2781;2
"2782";2782;2
"2783";2783;3
"2784";2784;3
"2785";2785;3
"2786";2786;2
"2787";2787;3
"2788";2788;3
"2789";2789;3
"2790";2790;3
"2791";2791;3
"2792";2792;3
"2793";2793;3
"2794";2794;3
"2795";2795;1
"2796";2796;1
"2797";2797;1
"2798";2798;1
"2799";2799;1
"2800";2800;1
"2801";2801;2
"2802";2802;3
"2803";2803;0
"2804";2804;1
"2805";2805;1
"2806";2806;2
"2807";2807;1
"2808";2808;2
"2809";2809;1
"2810";2810;2
"2811";2811;2
"2812";2812;2
"2813";2813;3
"2814";2814;3
"2815";2815;2
"2816";2816;2
"2817";2817;3
"2818";2818;3
"2819";2819;3
"2820";2820;3
"2821";2821;2
"2822";2822;3
"2823";2823;3
"2824";2824;1
"2825";2825;3
"2826";2826;1
"2827";2827;1
"2828";2828;1
"2829";2829;1
"2830";2830;2
"2831";2831;3
"2832";2832;3
"2833";2833;1
"2834";2834;1
"2835";2835;1
"2836";2836;1
"2837";2837;1
"2838";2838;2
"2839";2839;2
"2840";2840;3
"2841";2841;2
"2842";2842;3
"2843";2843;2
"2844";2844;2
"2845";2845;3
"2846";2846;3
"2847";2847;1
"2848";2848;0
"2849";2849;2
"2850";2850;2
"2851";2851;1
"2852";2852;1
"2853";2853;1
"2854";2854;1
"2855";2855;1
"2856";2856;1
"2857";2857;1
"2858";2858;1
"2859";2859;2
"2860";2860;2
"2861";2861;2
"2862";2862;2
"2863";2863;1
"2864";2864;3
"2865";2865;1
"2866";2866;1
"2867";2867;1
"2868";2868;1
"2869";2869;3
"2870";2870;3
"2871";2871;3
"2872";2872;3
"2873";2873;3
"2874";2874;3
"2875";2875;2
"2876";2876;2
"2877";2877;2
"2878";2878;2
"2879";2879;2
"2880";2880;3
"2881";2881;2
"2882";2882;2
"2883";2883;3
"2884";2884;3
"2885";2885;3
"2886";2886;3
"2887";2887;3
"2888";2888;3
"2889";2889;3
"2890";2890;3
"2891";2891;3
"2892";2892;3
"2893";2893;1
"2894";2894;2
"2895";2895;2
"2896";2896;2
"2897";2897;2
"2898";2898;2
"2899";2899;2
"2900";2900;2
"2901";2901;1
"2902";2902;1
"2903";2903;2
"2904";2904;2
"2905";2905;2
"2906";2906;3
"2907";2907;2
"2908";2908;2
"2909";2909;2
"2910";2910;2
"2911";2911;3
"2912";2912;2
"2913";2913;2
"2914";2914;2
"2915";2915;1
"2916";2916;1
"2917";2917;3
"2918";2918;1
"2919";2919;2
"2920";2920;2
"2921";2921;2
"2922";2922;2
"2923";2923;2
"2924";2924;1
"2925";2925;1
"2926";2926;1
"2927";2927;2
"2928";2928;2
"2929";2929;3
"2930";2930;1
"2931";2931;1
"2932";2932;3
"2933";2933;1
"2934";2934;1
"2935";2935;1
"2936";2936;1
"2937";2937;1
"2938";2938;1
"2939";2939;1
"2940";2940;1
"2941";2941;1
"2942";2942;1
"2943";2943;1
"2944";2944;1
"2945";2945;0
"2946";2946;0
"2947";2947;0
"2948";2948;1
"2949";2949;1
"2950";2950;2
"2951";2951;1
"2952";2952;0
"2953";2953;1
"2954";2954;0
"2955";2955;1
"2956";2956;1
"2957";2957;1
"2958";2958;0
"2959";2959;0
"2960";2960;0
"2961";2961;1
"2962";2962;1
"2963";2963;1
"2964";2964;1
"2965";2965;3
"2966";2966;0
"2967";2967;1
"2968";2968;1
"2969";2969;1
"2970";2970;1
"2971";2971;0
"2972";2972;0
"2973";2973;1
"2974";2974;0
"2975";2975;1
"2976";2976;0
"2977";2977;2
"2978";2978;2
"2979";2979;1
"2980";2980;1
"2981";2981;0
"2982";2982;1
"2983";2983;1
"2984";2984;1
"2985";2985;3
"2986";2986;0
"2987";2987;1
"2988";2988;1
"2989";2989;1
"2990";2990;0
"2991";2991;0
"2992";2992;1
"2993";2993;0
"2994";2994;0
"2995";2995;1
"2996";2996;1
"2997";2997;0
"2998";2998;1
"2999";2999;1
"3000";3000;1
"3001";3001;0
"3002";3002;1
"3003";3003;3
"3004";3004;1
"3005";3005;1
"3006";3006;1
"3007";3007;1
"3008";3008;0
"3009";3009;1
"3010";3010;0
"3011";3011;1
"3012";3012;2
"3013";3013;0
"3014";3014;0
"3015";3015;0
"3016";3016;1
"3017";3017;1
"3018";3018;1
"3019";3019;1
"3020";3020;0
"3021";3021;0
"3022";3022;0
"3023";3023;0
"3024";3024;0
"3025";3025;0
"3026";3026;0
"3027";3027;1
"3028";3028;1
"3029";3029;0
"3030";3030;1
"3031";3031;0
"3032";3032;1
"3033";3033;0
"3034";3034;3
"3035";3035;3
"3036";3036;2
"3037";3037;2
"3038";3038;2
"3039";3039;1
"3040";3040;2
"3041";3041;2
"3042";3042;2
"3043";3043;2
"3044";3044;2
"3045";3045;2
"3046";3046;2
"3047";3047;2
"3048";3048;2
"3049";3049;2
"3050";3050;2
"3051";3051;2
"3052";3052;1
"3053";3053;2
"3054";3054;1
"3055";3055;2
"3056";3056;2
"3057";3057;2
"3058";3058;3
"3059";3059;2
"3060";3060;3
"3061";3061;2
"3062";3062;2
"3063";3063;1
"3064";3064;1
"3065";3065;1
"3066";3066;1
"3067";3067;1
"3068";3068;3
"3069";3069;2
"3070";3070;2
"3071";3071;2
"3072";3072;1
"3073";3073;1
"3074";3074;1
"3075";3075;1
"3076";3076;2
"3077";3077;1
"3078";3078;3
"3079";3079;2
"3080";3080;2
"3081";3081;3
"3082";3082;1
"3083";3083;3
"3084";3084;1
"3085";3085;3
"3086";3086;2
"3087";3087;3
"3088";3088;3
"3089";3089;3
"3090";3090;2
"3091";3091;1
"3092";3092;1
"3093";3093;1
"3094";3094;1
"3095";3095;3
"3096";3096;3
"3097";3097;2
"3098";3098;3
"3099";3099;2
"3100";3100;2
"3101";3101;2
"3102";3102;3
"3103";3103;2
"3104";3104;2
"3105";3105;2
"3106";3106;0
"3107";3107;2
"3108";3108;2
"3109";3109;2
"3110";3110;2
"3111";3111;1
"3112";3112;1
"3113";3113;1
"3114";3114;1
"3115";3115;1
"3116";3116;0
"3117";3117;0
"3118";3118;0
"3119";3119;1
"3120";3120;1
"3121";3121;2
"3122";3122;1
"3123";3123;0
"3124";3124;1
"3125";3125;0
"3126";3126;1
"3127";3127;1
"3128";3128;1
"3129";3129;0
"3130";3130;0
"3131";3131;0
"3132";3132;1
"3133";3133;1
"3134";3134;1
"3135";3135;1
"3136";3136;3
"3137";3137;0
"3138";3138;1
"3139";3139;1
"3140";3140;1
"3141";3141;1
"3142";3142;0
"3143";3143;0
"3144";3144;1
"3145";3145;0
"3146";3146;1
"3147";3147;0
"3148";3148;2
"3149";3149;2
"3150";3150;1
"3151";3151;1
"3152";3152;0
"3153";3153;1
"3154";3154;1
"3155";3155;1
"3156";3156;3
"3157";3157;0
"3158";3158;1
"3159";3159;1
"3160";3160;1
"3161";3161;0
"3162";3162;0
"3163";3163;1
"3164";3164;0
"3165";3165;0
"3166";3166;1
"3167";3167;1
"3168";3168;0
"3169";3169;1
"3170";3170;1
"3171";3171;1
"3172";3172;0
"3173";3173;1
"3174";3174;3
"3175";3175;1
"3176";3176;1
"3177";3177;1
"3178";3178;1
"3179";3179;0
"3180";3180;1
"3181";3181;0
"3182";3182;1
"3183";3183;2
"3184";3184;0
"3185";3185;0
"3186";3186;0
"3187";3187;1
"3188";3188;1
"3189";3189;1
"3190";3190;1
"3191";3191;0
"3192";3192;0
"3193";3193;0
"3194";3194;0
"3195";3195;0
"3196";3196;0
"3197";3197;0
"3198";3198;1
"3199";3199;1
"3200";3200;0
"3201";3201;1
"3202";3202;0
"3203";3203;1
"3204";3204;0
"3205";3205;2
"3206";3206;2
"3207";3207;2
"3208";3208;2
"3209";3209;2
"3210";3210;2
"3211";3211;2
"3212";3212;2
"3213";3213;2
"3214";3214;3
"3215";3215;3
"3216";3216;2
"3217";3217;3
"3218";3218;1
"3219";3219;1
"3220";3220;1
"3221";3221;1
"3222";3222;1
"3223";3223;1
"3224";3224;2
"3225";3225;2
"3226";3226;2
"3227";3227;2
"3228";3228;2
"3229";3229;2
"3230";3230;2
"3231";3231;2
"3232";3232;2
"3233";3233;2
"3234";3234;2
"3235";3235;3
"3236";3236;2
"3237";3237;2
"3238";3238;2
"3239";3239;2
"3240";3240;3
"3241";3241;3
"3242";3242;3
"3243";3243;3
"3244";3244;3
"3245";3245;1
"3246";3246;2
"3247";3247;3
"3248";3248;1
"3249";3249;3
"3250";3250;1
"3251";3251;2
"3252";3252;2
"3253";3253;1
"3254";3254;1
"3255";3255;1
"3256";3256;1
"3257";3257;1
"3258";3258;1
"3259";3259;0
"3260";3260;0
"3261";3261;0
"3262";3262;1
"3263";3263;1
"3264";3264;2
"3265";3265;1
"3266";3266;0
"3267";3267;1
"3268";3268;0
"3269";3269;1
"3270";3270;1
"3271";3271;1
"3272";3272;0
"3273";3273;0
"3274";3274;0
"3275";3275;1
"3276";3276;1
"3277";3277;1
"3278";3278;1
"3279";3279;3
"3280";3280;0
"3281";3281;1
"3282";3282;1
"3283";3283;1
"3284";3284;1
"3285";3285;0
"3286";3286;0
"3287";3287;1
"3288";3288;0
"3289";3289;1
"3290";3290;0
"3291";3291;2
"3292";3292;2
"3293";3293;1
"3294";3294;1
"3295";3295;0
"3296";3296;1
"3297";3297;1
"3298";3298;1
"3299";3299;3
"3300";3300;0
"3301";3301;1
"3302";3302;1
"3303";3303;1
"3304";3304;0
"3305";3305;0
"3306";3306;1
"3307";3307;0
"3308";3308;0
"3309";3309;1
"3310";3310;1
"3311";3311;0
"3312";3312;1
"3313";3313;1
"3314";3314;1
"3315";3315;0
"3316";3316;1
"3317";3317;3
"3318";3318;1
"3319";3319;1
"3320";3320;1
"3321";3321;1
"3322";3322;0
"3323";3323;1
"3324";3324;0
"3325";3325;1
"3326";3326;2
"3327";3327;0
"3328";3328;0
"3329";3329;0
"3330";3330;1
"3331";3331;1
"3332";3332;1
"3333";3333;1
"3334";3334;0
"3335";3335;0
"3336";3336;0
"3337";3337;0
"3338";3338;0
"3339";3339;0
"3340";3340;0
"3341";3341;1
"3342";3342;1
"3343";3343;0
"3344";3344;1
"3345";3345;0
"3346";3346;1
"3347";3347;0
"3348";3348;2
"3349";3349;2
"3350";3350;3
"3351";3351;3
"3352";3352;2
"3353";3353;3
"3354";3354;3
"3355";3355;3
"3356";3356;3
"3357";3357;3
"3358";3358;2
"3359";3359;1
"3360";3360;3
"3361";3361;2
"3362";3362;2
"3363";3363;3
"3364";3364;2
"3365";3365;2
"3366";3366;2
"3367";3367;1
"3368";3368;2
"3369";3369;3
"3370";3370;2
"3371";3371;1
"3372";3372;1
"3373";3373;1
"3374";3374;1
"3375";3375;1
"3376";3376;2
"3377";3377;1
"3378";3378;1
"3379";3379;1
"3380";3380;1
"3381";3381;1
"3382";3382;1
"3383";3383;1
"3384";3384;1
"3385";3385;2
"3386";3386;2
"3387";3387;3
"3388";3388;3
"3389";3389;2
"3390";3390;2
"3391";3391;2
"3392";3392;1
"3393";3393;1
"3394";3394;1
"3395";3395;3
"3396";3396;1
"3397";3397;1
"3398";3398;2
"3399";3399;2
"3400";3400;2
"3401";3401;3
"3402";3402;3
"3403";3403;1
"3404";3404;1
"3405";3405;1
"3406";3406;2
"3407";3407;3
"3408";3408;2
"3409";3409;2
"3410";3410;2
"3411";3411;3
"3412";3412;2
"3413";3413;2
"3414";3414;2
"3415";3415;3
"3416";3416;2
"3417";3417;2
"3418";3418;2
"3419";3419;3
"3420";3420;1
"3421";3421;3
"3422";3422;1
"3423";3423;1
"3424";3424;2
"3425";3425;2
"3426";3426;1
"3427";3427;1
"3428";3428;1
"3429";3429;1
"3430";3430;1
"3431";3431;1
"3432";3432;0
"3433";3433;0
"3434";3434;0
"3435";3435;1
"3436";3436;1
"3437";3437;2
"3438";3438;1
"3439";3439;0
"3440";3440;1
"3441";3441;0
"3442";3442;1
"3443";3443;1
"3444";3444;1
"3445";3445;0
"3446";3446;0
"3447";3447;0
"3448";3448;1
"3449";3449;1
"3450";3450;1
"3451";3451;1
"3452";3452;3
"3453";3453;0
"3454";3454;1
"3455";3455;1
"3456";3456;1
"3457";3457;1
"3458";3458;0
"3459";3459;0
"3460";3460;1
"3461";3461;0
"3462";3462;1
"3463";3463;0
"3464";3464;2
"3465";3465;2
"3466";3466;1
"3467";3467;1
"3468";3468;0
"3469";3469;1
"3470";3470;1
"3471";3471;1
"3472";3472;3
"3473";3473;0
"3474";3474;1
"3475";3475;1
"3476";3476;1
"3477";3477;0
"3478";3478;0
"3479";3479;1
"3480";3480;0
"3481";3481;0
"3482";3482;1
"3483";3483;1
"3484";3484;0
"3485";3485;1
"3486";3486;1
"3487";3487;1
"3488";3488;0
"3489";3489;1
"3490";3490;3
"3491";3491;1
"3492";3492;1
"3493";3493;1
"3494";3494;1
"3495";3495;0
"3496";3496;1
"3497";3497;0
"3498";3498;1
"3499";3499;0
"3500";3500;0
"3501";3501;0
"3502";3502;1
"3503";3503;1
"3504";3504;1
"3505";3505;1
"3506";3506;0
"3507";3507;0
"3508";3508;0
"3509";3509;0
"3510";3510;0
"3511";3511;0
"3512";3512;0
"3513";3513;1
"3514";3514;1
"3515";3515;0
"3516";3516;1
"3517";3517;0
"3518";3518;1
"3519";3519;0
"3520";3520;3
"3521";3521;2
"3522";3522;2
"3523";3523;2
"3524";3524;2
"3525";3525;2
"3526";3526;2
"3527";3527;2
"3528";3528;2
"3529";3529;0
"3530";3530;3
"3531";3531;2
"3532";3532;2
"3533";3533;2
"3534";3534;2
"3535";3535;3
"3536";3536;3
"3537";3537;2
"3538";3538;2
"3539";3539;2
"3540";3540;2
"3541";3541;3
"3542";3542;1
"3543";3543;2
"3544";3544;1
"3545";3545;2
"3546";3546;1
"3547";3547;2
"3548";3548;3
"3549";3549;2
"3550";3550;2
"3551";3551;1
"3552";3552;2
"3553";3553;2
"3554";3554;1
"3555";3555;1
"3556";3556;1
"3557";3557;1
"3558";3558;1
"3559";3559;1
"3560";3560;1
"3561";3561;2
"3562";3562;1
"3563";3563;1
"3564";3564;3
"3565";3565;1
"3566";3566;2
"3567";3567;1
"3568";3568;1
"3569";3569;1
"3570";3570;1
"3571";3571;1
"3572";3572;1
"3573";3573;0
"3574";3574;0
"3575";3575;0
"3576";3576;1
"3577";3577;1
"3578";3578;2
"3579";3579;1
"3580";3580;0
"3581";3581;1
"3582";3582;0
"3583";3583;1
"3584";3584;1
"3585";3585;1
"3586";3586;0
"3587";3587;0
"3588";3588;0
"3589";3589;1
"3590";3590;1
"3591";3591;1
"3592";3592;1
"3593";3593;3
"3594";3594;0
"3595";3595;1
"3596";3596;1
"3597";3597;1
"3598";3598;1
"3599";3599;0
"3600";3600;0
"3601";3601;1
"3602";3602;0
"3603";3603;1
"3604";3604;0
"3605";3605;2
"3606";3606;2
"3607";3607;1
"3608";3608;1
"3609";3609;0
"3610";3610;1
"3611";3611;1
"3612";3612;1
"3613";3613;3
"3614";3614;0
"3615";3615;1
"3616";3616;1
"3617";3617;1
"3618";3618;0
"3619";3619;0
"3620";3620;1
"3621";3621;0
"3622";3622;0
"3623";3623;1
"3624";3624;1
"3625";3625;0
"3626";3626;1
"3627";3627;1
"3628";3628;1
"3629";3629;0
"3630";3630;1
"3631";3631;3
"3632";3632;1
"3633";3633;1
"3634";3634;1
"3635";3635;1
"3636";3636;0
"3637";3637;1
"3638";3638;0
"3639";3639;1
"3640";3640;2
"3641";3641;0
"3642";3642;0
"3643";3643;0
"3644";3644;1
"3645";3645;1
"3646";3646;1
"3647";3647;1
"3648";3648;0
"3649";3649;0
"3650";3650;0
"3651";3651;0
"3652";3652;0
"3653";3653;0
"3654";3654;0
"3655";3655;1
"3656";3656;1
"3657";3657;0
"3658";3658;1
"3659";3659;0
"3660";3660;1
"3661";3661;0
"3662";3662;2
"3663";3663;2
"3664";3664;2
"3665";3665;2
"3666";3666;2
"3667";3667;3
"3668";3668;3
"3669";3669;2
"3670";3670;2
"3671";3671;2
"3672";3672;2
"3673";3673;2
"3674";3674;2
"3675";3675;2
"3676";3676;3
"3677";3677;1
"3678";3678;2
"3679";3679;3
"3680";3680;3
"3681";3681;2
"3682";3682;2
"3683";3683;2
"3684";3684;2
"3685";3685;3
"3686";3686;2
"3687";3687;2
"3688";3688;2
"3689";3689;2
"3690";3690;2
"3691";3691;2
"3692";3692;3
"3693";3693;2
"3694";3694;2
"3695";3695;2
"3696";3696;1
"3697";3697;2
"3698";3698;1
"3699";3699;1
"3700";3700;1
"3701";3701;3
"3702";3702;2
"3703";3703;1
"3704";3704;2
"3705";3705;1
"3706";3706;3
"3707";3707;2
"3708";3708;3
"3709";3709;2
"3710";3710;3
"3711";3711;2
"3712";3712;1
"3713";3713;3
"3714";3714;1
"3715";3715;2
"3716";3716;3
"3717";3717;2
"3718";3718;1
"3719";3719;1
"3720";3720;1
"3721";3721;3
"3722";3722;1
"3723";3723;1
"3724";3724;3
"3725";3725;3
"3726";3726;3
"3727";3727;0
"3728";3728;0
"3729";3729;2
"3730";3730;1
"3731";3731;0
"3732";3732;1
"3733";3733;0
"3734";3734;2
"3735";3735;3
"3736";3736;3
"3737";3737;3
"3738";3738;0
"3739";3739;2
"3740";3740;3
"3741";3741;2
"3742";3742;2
"3743";3743;3
"3744";3744;2
"3745";3745;2
"3746";3746;2
"3747";3747;3
"3748";3748;3
"3749";3749;1
"3750";3750;1
"3751";3751;1
"3752";3752;2
"3753";3753;3
"3754";3754;2
"3755";3755;1
"3756";3756;3
"3757";3757;3
"3758";3758;1
"3759";3759;3
"3760";3760;3
"3761";3761;1
"3762";3762;1
"3763";3763;1
"3764";3764;1
"3765";3765;1
"3766";3766;1
"3767";3767;1
"3768";3768;1
"3769";3769;1
"3770";3770;1
"3771";3771;2
"3772";3772;2
"3773";3773;2
"3774";3774;3
"3775";3775;1
"3776";3776;3
"3777";3777;3
"3778";3778;3
"3779";3779;3
"3780";3780;2
"3781";3781;2
"3782";3782;2
"3783";3783;2
"3784";3784;2
"3785";3785;2
"3786";3786;3
"3787";3787;3
"3788";3788;2
"3789";3789;2
"3790";3790;3
"3791";3791;2
"3792";3792;2
"3793";3793;2
"3794";3794;2
"3795";3795;2
"3796";3796;1
"3797";3797;3
"3798";3798;3
"3799";3799;2
"3800";3800;2
"3801";3801;2
"3802";3802;2
"3803";3803;2
"3804";3804;2
"3805";3805;2
"3806";3806;2
"3807";3807;1
"3808";3808;2
"3809";3809;1
"3810";3810;1
"3811";3811;2
"3812";3812;1
"3813";3813;2
"3814";3814;2
"3815";3815;3
"3816";3816;1
"3817";3817;1
"3818";3818;1
"3819";3819;1
"3820";3820;1
"3821";3821;3
"3822";3822;1
"3823";3823;1
"3824";3824;1
"3825";3825;1
"3826";3826;1
"3827";3827;2
"3828";3828;1
"3829";3829;1
"3830";3830;1
"3831";3831;1
"3832";3832;1
"3833";3833;1
"3834";3834;1
"3835";3835;2
"3836";3836;3
"3837";3837;1
"3838";3838;2
"3839";3839;1
"3840";3840;1
"3841";3841;1
"3842";3842;1
"3843";3843;1
"3844";3844;1
"3845";3845;2
"3846";3846;1
"3847";3847;1
"3848";3848;1
"3849";3849;1
"3850";3850;3
"3851";3851;1
"3852";3852;1
"3853";3853;3
"3854";3854;1
"3855";3855;1
"3856";3856;2
"3857";3857;3
"3858";3858;2
"3859";3859;2
"3860";3860;2
"3861";3861;2
"3862";3862;2
"3863";3863;2
"3864";3864;2
"3865";3865;2
"3866";3866;2
"3867";3867;2
"3868";3868;3
"3869";3869;2
"3870";3870;2
"3871";3871;2
"3872";3872;2
"3873";3873;2
"3874";3874;3
"3875";3875;3
"3876";3876;2
"3877";3877;2
"3878";3878;2
"3879";3879;2
"3880";3880;1
"3881";3881;3
"3882";3882;2
"3883";3883;1
"3884";3884;1
"3885";3885;1
"3886";3886;2
"3887";3887;1
"3888";3888;3
"3889";3889;3
"3890";3890;3
"3891";3891;3
"3892";3892;2
"3893";3893;2
"3894";3894;3
"3895";3895;3
"3896";3896;1
"3897";3897;1
"3898";3898;1
"3899";3899;1
"3900";3900;1
"3901";3901;3
"3902";3902;2
"3903";3903;2
"3904";3904;2
"3905";3905;1
"3906";3906;1
"3907";3907;1
"3908";3908;1
"3909";3909;3
"3910";3910;2
"3911";3911;2
"3912";3912;1
"3913";3913;2
"3914";3914;1
"3915";3915;1
"3916";3916;3
"3917";3917;1
"3918";3918;1
"3919";3919;1
"3920";3920;1
"3921";3921;1
"3922";3922;2
"3923";3923;2
"3924";3924;2
"3925";3925;1
"3926";3926;1
"3927";3927;1
"3928";3928;3
"3929";3929;1
"3930";3930;1
"3931";3931;1
"3932";3932;3
"3933";3933;3
"3934";3934;3
"3935";3935;1
"3936";3936;1
"3937";3937;1
"3938";3938;2
"3939";3939;2
"3940";3940;1
"3941";3941;2
"3942";3942;2
"3943";3943;1
"3944";3944;3
"3945";3945;1
"3946";3946;1
"3947";3947;1
"3948";3948;1
"3949";3949;1
"3950";3950;1
"3951";3951;1
"3952";3952;1
"3953";3953;1
"3954";3954;1
"3955";3955;1
"3956";3956;1
"3957";3957;1
"3958";3958;1
"3959";3959;1
"3960";3960;1
"3961";3961;3
"3962";3962;1
"3963";3963;1
"3964";3964;1
"3965";3965;2
"3966";3966;2
"3967";3967;2
"3968";3968;2
"3969";3969;2
"3970";3970;2
"3971";3971;2
"3972";3972;2
"3973";3973;3
"3974";3974;2
"3975";3975;2
"3976";3976;2
"3977";3977;3
"3978";3978;2
"3979";3979;2
"3980";3980;2
"3981";3981;1
"3982";3982;1
"3983";3983;1
"3984";3984;1
"3985";3985;1
"3986";3986;1
"3987";3987;1
"3988";3988;2
"3989";3989;1
"3990";3990;1
"3991";3991;1
"3992";3992;1
"3993";3993;1
"3994";3994;3
"3995";3995;1
"3996";3996;1
"3997";3997;1
"3998";3998;1
"3999";3999;1
"4000";4000;3
"4001";4001;2
"4002";4002;2
"4003";4003;2
"4004";4004;2
"4005";4005;3
"4006";4006;2
"4007";4007;3
"4008";4008;2
"4009";4009;3
"4010";4010;3
"4011";4011;1
"4012";4012;1
"4013";4013;1
"4014";4014;1
"4015";4015;1
"4016";4016;1
"4017";4017;2
"4018";4018;2
"4019";4019;2
"4020";4020;2
"4021";4021;2
"4022";4022;2
"4023";4023;2
"4024";4024;3
"4025";4025;3
"4026";4026;3
"4027";4027;3
"4028";4028;2
"4029";4029;2
"4030";4030;1
"4031";4031;3
"4032";4032;3
"4033";4033;3
"4034";4034;1
"4035";4035;2
"4036";4036;2
"4037";4037;3
"4038";4038;2
"4039";4039;1
"4040";4040;1
"4041";4041;1
"4042";4042;3
"4043";4043;1
"4044";4044;1
"4045";4045;3
"4046";4046;3
"4047";4047;1
"4048";4048;3
"4049";4049;2
"4050";4050;2
"4051";4051;2
"4052";4052;2
"4053";4053;2
"4054";4054;2
"4055";4055;2
"4056";4056;2
"4057";4057;2
"4058";4058;2
"4059";4059;2
"4060";4060;1
"4061";4061;2
"4062";4062;1
"4063";4063;3
"4064";4064;3
"4065";4065;2
"4066";4066;3
"4067";4067;2
"4068";4068;1
"4069";4069;1
"4070";4070;3
"4071";4071;1
"4072";4072;1
"4073";4073;1
"4074";4074;1
"4075";4075;1
"4076";4076;1
"4077";4077;1
"4078";4078;1
"4079";4079;1
"4080";4080;1
"4081";4081;3
"4082";4082;1
"4083";4083;1
"4084";4084;3
"4085";4085;3
"4086";4086;1
"4087";4087;1
"4088";4088;1
"4089";4089;1
"4090";4090;2
"4091";4091;2
"4092";4092;2
"4093";4093;2
"4094";4094;2
"4095";4095;2
"4096";4096;2
"4097";4097;2
"4098";4098;2
"4099";4099;1
"4100";4100;2
"4101";4101;3
"4102";4102;2
"4103";4103;2
"4104";4104;1
"4105";4105;2
"4106";4106;3
"4107";4107;1
"4108";4108;2
"4109";4109;2
"4110";4110;2
"4111";4111;1
"4112";4112;2
"4113";4113;3
"4114";4114;3
"4115";4115;1
"4116";4116;1
"4117";4117;1
"4118";4118;3
"4119";4119;1
"4120";4120;1
"4121";4121;1
"4122";4122;1
"4123";4123;1
"4124";4124;1
"4125";4125;1
"4126";4126;2
"4127";4127;2
"4128";4128;3
"4129";4129;3
"4130";4130;3
"4131";4131;3
"4132";4132;2
"4133";4133;2
"4134";4134;1
"4135";4135;1
"4136";4136;1
"4137";4137;1
"4138";4138;1
"4139";4139;1
"4140";4140;1
"4141";4141;3
"4142";4142;3
"4143";4143;2
"4144";4144;1
"4145";4145;1
"4146";4146;1
"4147";4147;1
"4148";4148;1
"4149";4149;3
"4150";4150;1
"4151";4151;1
"4152";4152;1
"4153";4153;1
"4154";4154;2
"4155";4155;2
"4156";4156;2
"4157";4157;2
"4158";4158;2
"4159";4159;3
"4160";4160;3
"4161";4161;2
"4162";4162;2
"4163";4163;2
"4164";4164;3
"4165";4165;3
"4166";4166;1
"4167";4167;1
"4168";4168;1
"4169";4169;2
"4170";4170;1
"4171";4171;1
"4172";4172;3
"4173";4173;2
"4174";4174;2
"4175";4175;2
"4176";4176;2
"4177";4177;2
"4178";4178;1
"4179";4179;2
"4180";4180;1
"4181";4181;2
"4182";4182;2
"4183";4183;2
"4184";4184;1
"4185";4185;1
"4186";4186;1
"4187";4187;3
"4188";4188;2
"4189";4189;1
"4190";4190;1
"4191";4191;1
"4192";4192;1
"4193";4193;1
"4194";4194;1
"4195";4195;1
"4196";4196;3
"4197";4197;0
"4198";4198;3
"4199";4199;1
"4200";4200;1
"4201";4201;2
"4202";4202;3
"4203";4203;3
"4204";4204;2
"4205";4205;2
"4206";4206;2
"4207";4207;2
"4208";4208;1
"4209";4209;2
"4210";4210;3
"4211";4211;1
"4212";4212;3
"4213";4213;3
"4214";4214;3
"4215";4215;2
"4216";4216;2
"4217";4217;1
"4218";4218;2
"4219";4219;1
"4220";4220;1
"4221";4221;1
"4222";4222;3
"4223";4223;1
"4224";4224;1
"4225";4225;1
"4226";4226;1
"4227";4227;1
"4228";4228;1
"4229";4229;1
"4230";4230;1
"4231";4231;1
"4232";4232;3
"4233";4233;2
"4234";4234;1
"4235";4235;2
"4236";4236;1
"4237";4237;1
"4238";4238;1
"4239";4239;1
"4240";4240;1
"4241";4241;1
"4242";4242;1
"4243";4243;1
"4244";4244;1
"4245";4245;1
"4246";4246;3
"4247";4247;1
"4248";4248;3
"4249";4249;2
"4250";4250;1
"4251";4251;2
"4252";4252;1
"4253";4253;1
"4254";4254;2
"4255";4255;1
"4256";4256;2
"4257";4257;3
"4258";4258;2
"4259";4259;2
"4260";4260;2
"4261";4261;3
"4262";4262;2
"4263";4263;3
"4264";4264;2
"4265";4265;3
"4266";4266;3
"4267";4267;1
"4268";4268;1
"4269";4269;1
"4270";4270;3
"4271";4271;1
"4272";4272;1
"4273";4273;1
"4274";4274;2
"4275";4275;2
"4276";4276;3
"4277";4277;3
"4278";4278;2
"4279";4279;2
"4280";4280;2
"4281";4281;3
"4282";4282;2
"4283";4283;2
"4284";4284;3
"4285";4285;2
"4286";4286;2
"4287";4287;2
"4288";4288;3
"4289";4289;2
"4290";4290;0
"4291";4291;1
"4292";4292;3
"4293";4293;1
"4294";4294;1
"4295";4295;2
"4296";4296;2
"4297";4297;1
"4298";4298;1
"4299";4299;1
"4300";4300;1
"4301";4301;1
"4302";4302;1
"4303";4303;1
"4304";4304;3
"4305";4305;1
"4306";4306;1
"4307";4307;1
"4308";4308;1
"4309";4309;3
"4310";4310;3
"4311";4311;2
"4312";4312;1
"4313";4313;3
"4314";4314;3
"4315";4315;2
"4316";4316;2
"4317";4317;3
"4318";4318;2
"4319";4319;1
"4320";4320;2
"4321";4321;1
"4322";4322;2
"4323";4323;2
"4324";4324;1
"4325";4325;1
"4326";4326;3
"4327";4327;1
"4328";4328;1
"4329";4329;1
"4330";4330;1
"4331";4331;3
"4332";4332;1
"4333";4333;1
"4334";4334;1
"4335";4335;1
"4336";4336;1
"4337";4337;1
"4338";4338;1
"4339";4339;3
"4340";4340;1
"4341";4341;1
"4342";4342;3
"4343";4343;2
"4344";4344;3
"4345";4345;2
"4346";4346;3
"4347";4347;2
"4348";4348;3
"4349";4349;2
"4350";4350;2
"4351";4351;1
"4352";4352;1
"4353";4353;1
"4354";4354;1
"4355";4355;1
"4356";4356;1
"4357";4357;1
"4358";4358;1
"4359";4359;1
"4360";4360;1
"4361";4361;1
